data,fechamento
2021-01-04,28.43
2021-01-05,27.10
2021-01-06,26.25
2021-01-07,26.32
2021-01-08,26.50
2021-01-11,25.69
2021-01-12,27.23
2021-01-13,26.50
2021-01-14,26.98
2021-01-15,26.60
2021-01-18,26.90
2021-01-19,26.70
2021-01-20,26.46
2021-01-21,25.92
2021-01-22,25.93
2021-01-26,25.42
2021-01-27,25.50
2021-01-28,26.33
2021-01-29,25.48
2021-02-01,25.75
2021-02-02,25.84
2021-02-03,26.20
2021-02-04,26.72
2021-02-05,27.06
2021-02-08,26.70
2021-02-09,27.03
2021-02-10,26.40
2021-02-11,25.67
2021-02-12,26.02
2021-02-17,25.82
2021-02-18,25.64
2021-02-19,25.88
2021-02-22,26.00
2021-02-23,25.87
2021-02-24,25.56
2021-02-25,24.48
2021-02-26,23.75
2021-03-01,23.85
2021-03-02,23.76
2021-03-03,22.40
2021-03-04,21.95
2021-03-05,24.12
2021-03-08,23.00
2021-03-09,22.91
2021-03-10,23.10
2021-03-11,23.85
2021-03-12,23.67
2021-03-15,24.25
2021-03-16,23.49
2021-03-17,23.65
2021-03-18,23.29
2021-03-19,23.44
2021-03-22,24.64
2021-03-23,24.51
2021-03-24,23.91
2021-03-25,24.31
2021-03-26,23.70
2021-03-29,22.60
2021-03-30,24.67
2021-03-31,24.64
2021-04-01,24.07
2021-04-05,25.09
2021-04-06,25.53
2021-04-07,25.37
2021-04-08,25.51
2021-04-09,25.73
2021-04-12,25.40
2021-04-13,25.42
2021-04-14,25.20
2021-04-15,25.09
2021-04-16,25.66
2021-04-19,25.67
2021-04-20,24.82
2021-04-22,24.35
2021-04-23,24.43
2021-04-26,24.80
2021-04-27,24.75
2021-04-28,24.94
2021-04-29,25.31
2021-04-30,25.11
2021-05-03,24.84
2021-05-04,25.76
2021-05-05,25.10
2021-05-06,25.44
2021-05-07,26.27
2021-05-10,26.12
2021-05-11,26.48
2021-05-12,25.55
2021-05-13,25.87
2021-05-14,26.48
2021-05-17,26.55
2021-05-18,26.73
2021-05-19,26.65
2021-05-20,27.15
2021-05-21,27.57
2021-05-24,27.90
2021-05-25,27.77
2021-05-26,28.35
2021-05-27,29.49
2021-05-28,30.66
2021-05-31,30.11
2021-06-01,31.10
2021-06-02,31.90
2021-06-04,31.86
2021-06-07,31.44
2021-06-08,31.36
2021-06-09,31.66
2021-06-10,31.79
2021-06-11,31.02
2021-06-14,32.78
2021-06-15,32.55
2021-06-16,32.22
2021-06-17,33.05
2021-06-18,34.56
2021-06-21,33.97
2021-06-22,34.05
2021-06-23,33.62
2021-06-24,33.54
2021-06-25,32.49
2021-06-28,32.79
2021-06-29,32.91
2021-06-30,32.90
2021-07-01,31.98
2021-07-02,32.55
2021-07-05,31.92
2021-07-06,31.79
2021-07-07,31.64
2021-07-08,31.18
2021-07-12,32.13
2021-07-13,32.01
2021-07-14,31.99
2021-07-15,31.86
2021-07-16,32.00
2021-07-19,31.64
2021-07-20,31.26
2021-07-21,31.84
2021-07-22,32.12
2021-07-23,31.79
2021-07-26,31.25
2021-07-27,30.49
2021-07-28,31.20
2021-07-29,31.20
2021-07-30,31.20
2021-08-02,31.27
2021-08-03,31.54
2021-08-04,31.05
2021-08-05,30.39
2021-08-06,30.78
2021-08-09,30.92
2021-08-10,30.40
2021-08-11,30.50
2021-08-12,30.10
2021-08-13,29.86
2021-08-16,30.36
2021-08-17,29.81
2021-08-18,30.01
2021-08-19,31.18
2021-08-20,31.75
2021-08-23,31.70
2021-08-24,32.09
2021-08-25,32.92
2021-08-26,32.07
2021-08-27,32.91
2021-08-30,33.20
2021-08-31,33.20
2021-09-01,33.12
2021-09-02,32.39
2021-09-03,32.27
2021-09-06,32.23
2021-09-08,30.12
2021-09-09,30.54
2021-09-10,31.20
2021-09-13,32.05
2021-09-14,31.96
2021-09-15,31.55
2021-09-16,31.37
2021-09-17,30.57
2021-09-20,29.79
2021-09-21,30.72
2021-09-22,31.50
2021-09-23,31.78
2021-09-24,31.75
2021-09-27,31.72
2021-09-28,30.40
2021-09-29,30.00
2021-09-30,29.52
2021-10-01,29.91
2021-10-04,28.25
2021-10-05,28.10
2021-10-06,28.02
2021-10-07,28.59
2021-10-08,29.41
2021-10-11,28.91
2021-10-13,29.83
2021-10-14,29.58
2021-10-15,30.00
2021-10-18,30.18
2021-10-19,29.08
2021-10-20,28.28
2021-10-21,27.00
2021-10-22,26.83
2021-10-25,27.93
2021-10-26,27.08
2021-10-27,27.15
2021-10-28,26.40
2021-10-29,25.94
2021-11-01,26.38
2021-11-03,27.48
2021-11-04,27.20
2021-11-05,27.56
2021-11-08,27.25
2021-11-09,27.66
2021-11-10,29.15
2021-11-11,29.26
2021-11-12,29.08
2021-11-16,27.70
2021-11-17,26.86
2021-11-18,26.94
2021-11-19,26.73
2021-11-22,26.56
2021-11-23,25.98
2021-11-24,25.79
2021-11-25,25.97
2021-11-26,25.68
2021-11-29,25.35
2021-11-30,24.51
2021-12-01,24.30
2021-12-02,23.80
2021-12-03,24.54
2021-12-06,25.31
2021-12-07,25.00
2021-12-08,26.20
2021-12-09,25.53
2021-12-10,25.86
2021-12-13,25.77
2021-12-14,24.63
2021-12-15,25.05
2021-12-16,24.76
2021-12-17,25.41
2021-12-20,24.91
2021-12-21,24.85
2021-12-22,24.64
2021-12-23,24.28
2021-12-27,24.72
2021-12-28,24.75
2021-12-29,24.55
2021-12-30,25.44
2022-01-03,24.27
2022-01-04,23.23
2022-01-05,21.88
2022-01-06,22.14
2022-01-07,22.10
2022-01-10,21.50
2022-01-11,21.87
2022-01-12,22.65
2022-01-13,22.53
2022-01-14,22.10
2022-01-17,22.82
2022-01-18,21.70
2022-01-19,22.16
2022-01-20,23.15
2022-01-21,23.27
2022-01-24,22.81
2022-01-25,23.20
2022-01-26,25.02
2022-01-27,25.11
2022-01-28,24.95
2022-01-31,26.30
2022-02-01,26.21
2022-02-02,26.00
2022-02-03,25.61
2022-02-04,24.70
2022-02-07,24.23
2022-02-08,24.21
2022-02-09,24.72
2022-02-10,24.59
2022-02-11,24.75
2022-02-14,25.61
2022-02-15,26.70
2022-02-16,26.82
2022-02-17,26.07
2022-02-18,26.30
2022-02-21,25.91
2022-02-22,26.47
2022-02-23,26.79
2022-02-24,26.16
2022-02-25,26.27
2022-03-02,26.00
2022-03-03,26.10
2022-03-04,26.06
2022-03-07,24.01
2022-03-08,24.52
2022-03-09,25.90
2022-03-10,25.69
2022-03-11,24.69
2022-03-14,23.88
2022-03-15,23.91
2022-03-16,23.97
2022-03-17,24.78
2022-03-18,26.01
2022-03-21,25.04
2022-03-22,25.80
2022-03-23,26.57
2022-03-24,27.13
2022-03-25,27.80
2022-03-28,27.15
2022-03-29,28.42
2022-03-30,27.51
2022-03-31,27.69
2022-04-01,28.26
2022-04-04,28.74
2022-04-05,27.77
2022-04-06,27.49
2022-04-07,27.30
2022-04-08,26.94
2022-04-11,26.50
2022-04-12,27.17
2022-04-13,27.55
2022-04-14,27.50
2022-04-18,27.36
2022-04-19,27.71
2022-04-20,27.45
2022-04-22,26.42
2022-04-25,26.35
2022-04-26,25.85
2022-04-27,25.66
2022-04-28,25.78
2022-04-29,25.44
2022-05-02,24.78
2022-05-03,24.30
2022-05-04,24.82
2022-05-05,23.80
2022-05-06,23.48
2022-05-09,23.14
2022-05-10,24.20
2022-05-11,23.88
2022-05-12,24.16
2022-05-13,24.81
2022-05-16,24.71
2022-05-17,24.94
2022-05-18,24.78
2022-05-19,24.44
2022-05-20,23.91
2022-05-23,24.37
2022-05-24,24.24
2022-05-25,24.67
2022-05-26,24.69
2022-05-27,25.28
2022-05-30,24.79
2022-05-31,24.60
2022-06-01,24.33
2022-06-02,24.44
2022-06-03,24.12
2022-06-06,23.45
2022-06-07,22.72
2022-06-08,22.39
2022-06-09,22.38
2022-06-10,21.24
2022-06-13,20.90
2022-06-14,21.12
2022-06-15,23.14
2022-06-17,22.66
2022-06-20,22.19
2022-06-21,22.19
2022-06-22,22.16
2022-06-23,22.97
2022-06-24,22.69
2022-06-27,23.01
2022-06-28,22.52
2022-06-29,22.03
2022-06-30,21.98
2022-07-01,22.00
2022-07-04,21.64
2022-07-05,21.89
2022-07-06,22.23
2022-07-07,23.00
2022-07-08,22.67
2022-07-11,21.66
2022-07-12,21.46
2022-07-13,20.55
2022-07-14,20.59
2022-07-15,20.68
2022-07-18,20.72
2022-07-19,21.10
2022-07-20,21.89
2022-07-21,21.36
2022-07-22,21.24
2022-07-25,21.21
2022-07-26,20.86
2022-07-27,21.55
2022-07-28,22.52
2022-07-29,22.19
2022-08-01,22.55
2022-08-02,22.58
2022-08-03,23.32
2022-08-04,24.35
2022-08-05,23.88
2022-08-08,23.95
2022-08-09,22.60
2022-08-10,24.39
2022-08-11,24.12
2022-08-12,25.12
2022-08-15,25.29
2022-08-16,24.50
2022-08-17,24.97
2022-08-18,24.77
2022-08-19,23.96
2022-08-22,23.91
2022-08-23,25.12
2022-08-24,25.31
2022-08-25,25.69
2022-08-26,25.52
2022-08-29,25.69
2022-08-30,25.46
2022-08-31,25.35
2022-09-01,26.50
2022-09-02,25.73
2022-09-05,26.75
2022-09-06,25.85
2022-09-08,25.85
2022-09-09,26.80
2022-09-12,26.70
2022-09-13,25.70
2022-09-14,25.82
2022-09-15,25.28
2022-09-16,24.82
2022-09-19,26.16
2022-09-20,26.19
2022-09-21,26.52
2022-09-22,27.52
2022-09-23,27.15
2022-09-26,26.14
2022-09-27,26.18
2022-09-28,26.33
2022-09-29,26.00
2022-09-30,27.09
2022-10-03,28.00
2022-10-04,27.67
2022-10-05,27.83
2022-10-06,28.04
2022-10-07,27.90
2022-10-10,27.88
2022-10-11,27.98
2022-10-13,27.00
2022-10-14,26.38
2022-10-17,26.65
2022-10-18,26.20
2022-10-19,25.95
2022-10-20,25.14
2022-10-21,25.86
2022-10-24,26.15
2022-10-25,25.21
2022-10-26,24.73
2022-10-27,25.60
2022-10-28,25.80
2022-10-31,26.81
2022-11-01,26.64
2022-11-03,26.86
2022-11-04,26.83
2022-11-07,25.60
2022-11-08,25.41
2022-11-09,25.21
2022-11-10,22.91
2022-11-11,22.65
2022-11-14,23.48
2022-11-16,22.54
2022-11-17,22.03
2022-11-18,22.56
2022-11-21,23.25
2022-11-22,22.50
2022-11-23,21.85
2022-11-24,23.19
2022-11-25,22.49
2022-11-28,21.84
2022-11-29,22.15
2022-11-30,22.06
2022-12-01,21.69
2022-12-02,22.45
2022-12-05,21.51
2022-12-06,21.71
2022-12-07,22.27
2022-12-08,21.70
2022-12-09,21.12
2022-12-12,20.16
2022-12-13,19.53
2022-12-14,19.41
2022-12-15,19.53
2022-12-16,19.35
2022-12-19,20.00
2022-12-20,21.32
2022-12-21,20.90
2022-12-22,20.94
2022-12-23,21.42
2022-12-26,21.22
2022-12-27,20.83
2022-12-28,21.66
2022-12-29,22.43
2023-01-02,20.76
2023-01-03,20.15
2023-01-04,20.25
2023-01-05,20.45
2023-01-06,21.05
2023-01-09,21.08
2023-01-10,22.31
2023-01-11,22.11
2023-01-12,21.79
2023-01-13,20.98
2023-01-16,20.93
2023-01-17,21.00
2023-01-18,21.55
2023-01-19,21.67
2023-01-20,21.93
2023-01-23,22.07
2023-01-24,22.90
2023-01-25,22.90
2023-01-26,23.34
2023-01-27,23.41
2023-01-30,23.70
2023-01-31,24.50
2023-02-01,24.36
2023-02-02,24.74
2023-02-03,23.77
2023-02-06,23.30
2023-02-07,22.85
2023-02-08,23.00
2023-02-09,22.17
2023-02-10,22.12
2023-02-13,22.60
2023-02-14,21.98
2023-02-15,22.40
2023-02-16,22.37
2023-02-17,22.59
2023-02-22,22.01
2023-02-23,22.00
2023-02-24,21.76
2023-02-27,21.89
2023-02-28,21.67
2023-03-01,20.94
2023-03-02,20.55
2023-03-03,20.30
2023-03-06,21.01
2023-03-07,21.34
2023-03-08,22.38
2023-03-09,22.53
2023-03-10,22.10
2023-03-13,22.11
2023-03-14,21.60
2023-03-15,22.27
2023-03-16,22.24
2023-03-17,22.50
2023-03-20,22.20
2023-03-21,21.93
2023-03-22,21.90
2023-03-23,21.07
2023-03-24,21.97
2023-03-27,22.25
2023-03-28,22.79
2023-03-29,22.34
2023-03-30,23.17
2023-03-31,22.10
2023-04-03,21.49
2023-04-04,21.73
2023-04-05,20.95
2023-04-06,21.45
2023-04-10,21.27
2023-04-11,22.10
2023-04-12,22.51
2023-04-13,22.86
2023-04-14,22.24
2023-04-17,22.20
2023-04-18,21.10
2023-04-19,20.00
2023-04-20,20.78
2023-04-24,20.74
2023-04-25,20.25
2023-04-26,20.12
2023-04-27,20.60
2023-04-28,21.31
2023-05-02,20.44
2023-05-03,20.45
2023-05-04,20.59
2023-05-05,21.63
2023-05-08,21.36
2023-05-09,21.45
2023-05-10,22.09
2023-05-11,22.62
2023-05-12,23.05
2023-05-15,23.68
2023-05-16,23.12
2023-05-17,24.13
2023-05-18,25.04
2023-05-19,24.74
2023-05-22,24.78
2023-05-23,24.40
2023-05-24,23.75
2023-05-25,24.68
2023-05-26,25.42
2023-05-29,25.12
2023-05-30,24.93
2023-05-31,25.48
2023-06-01,26.29
2023-06-02,26.54
2023-06-05,26.46
2023-06-06,27.16
2023-06-07,27.88
2023-06-09,28.20
2023-06-12,28.45
2023-06-13,27.31
2023-06-14,27.87
2023-06-15,27.80
2023-06-16,27.88
2023-06-19,27.90
2023-06-20,27.94
2023-06-21,28.23
2023-06-22,27.90
2023-06-23,28.11
2023-06-26,27.59
2023-06-27,27.49
2023-06-28,27.38
2023-06-29,28.10
2023-06-30,28.48
2023-07-03,29.05
2023-07-04,29.11
2023-07-05,29.80
2023-07-06,29.26
2023-07-07,29.41
2023-07-10,28.47
2023-07-11,27.99
2023-07-12,28.21
2023-07-13,28.50
2023-07-14,27.85
2023-07-17,28.28
2023-07-18,28.57
2023-07-19,28.83
2023-07-20,28.63
2023-07-21,29.17
2023-07-24,29.23
2023-07-25,29.37
2023-07-26,28.79
2023-07-27,28.94
2023-07-28,29.00
2023-07-31,29.40
2023-08-01,29.77
2023-08-02,29.85
2023-08-03,29.80
2023-08-04,30.03
2023-08-07,29.94
2023-08-08,30.60
2023-08-09,30.99
2023-08-10,30.82
2023-08-11,30.51
2023-08-14,29.88
2023-08-15,29.99
2023-08-16,29.70
2023-08-17,28.95
2023-08-18,29.37
2023-08-21,29.44
2023-08-22,30.02
2023-08-23,30.45
2023-08-24,30.47
2023-08-25,29.64
2023-08-28,29.47
2023-08-29,29.54
2023-08-30,28.75
2023-08-31,27.18
2023-09-01,28.33
2023-09-04,28.65
2023-09-05,27.76
2023-09-06,27.03
2023-09-08,27.44
2023-09-11,27.54
2023-09-12,27.66
2023-09-13,27.63
2023-09-14,28.00
2023-09-15,27.60
2023-09-18,27.26
2023-09-19,26.96
2023-09-20,27.41
2023-09-21,26.88
2023-09-22,26.73
2023-09-25,26.80
2023-09-26,25.96
2023-09-27,25.93
2023-09-28,26.47
2023-09-29,26.86
2023-10-02,26.60
2023-10-03,26.02
2023-10-04,27.31
2023-10-05,27.04
2023-10-06,27.18
2023-10-09,27.61
2023-10-10,28.14
2023-10-11,27.72
2023-10-13,27.05
2023-10-16,27.13
2023-10-17,26.59
2023-10-18,25.81
2023-10-19,25.77
2023-10-20,25.90
2023-10-23,26.73
2023-10-24,27.04
2023-10-25,25.84
2023-10-26,26.17
2023-10-27,25.30
2023-10-30,24.60
2023-10-31,25.50
2023-11-01,25.62
2023-11-03,26.73
2023-11-06,25.90
2023-11-07,27.43
2023-11-08,27.26
2023-11-09,26.85
2023-11-10,28.39
2023-11-13,27.97
2023-11-14,28.56
2023-11-16,28.79
2023-11-17,27.92
2023-11-20,28.39
2023-11-21,27.34
2023-11-22,27.55
2023-11-23,28.00
2023-11-24,27.49
2023-11-27,28.06
2023-11-28,28.84
2023-11-29,29.00
2023-11-30,29.73
2023-12-01,30.02
2023-12-04,29.42
2023-12-05,29.99
2023-12-06,30.18
2023-12-07,30.31
2023-12-08,31.20
2023-12-11,31.71
2023-12-12,31.23
2023-12-13,32.86
2023-12-14,33.64
2023-12-15,33.49
2023-12-18,33.40
2023-12-19,33.60
2023-12-20,33.38
2023-12-21,33.65
2023-12-22,33.86
2023-12-26,33.90
2023-12-27,34.09
2023-12-28,34.25
2024-01-02,34.02
2024-01-03,34.57
2024-01-04,33.62
2024-01-05,33.69
2024-01-08,34.69
2024-01-09,35.24
2024-01-10,35.26
2024-01-11,35.22
2024-01-12,35.31
2024-01-15,35.29
2024-01-16,35.61
2024-01-17,35.37
2024-01-18,34.83
2024-01-19,35.34
2024-01-22,35.26
2024-01-23,34.95
2024-01-24,34.67
2024-01-25,34.77
2024-01-26,34.95
2024-01-29,34.65
2024-01-30,33.35
2024-01-31,33.80
2024-02-01,34.08
2024-02-02,33.09
2024-02-05,32.55
2024-02-06,32.41
2024-02-07,32.40
2024-02-08,31.80
2024-02-09,31.87
2024-02-14,31.44
2024-02-15,31.89
2024-02-16,32.05
2024-02-19,32.68
2024-02-20,33.25
2024-02-21,32.67
2024-02-22,33.25
2024-02-23,33.02
2024-02-26,33.51
2024-02-27,33.12
2024-02-28,32.50
2024-02-29,32.70
2024-03-01,32.31
2024-03-04,31.62
2024-03-05,31.80
2024-03-06,32.76
2024-03-07,32.48
2024-03-08,32.50
2024-03-11,31.49
2024-03-12,31.80
2024-03-13,31.81
2024-03-14,31.53
2024-03-15,30.72
2024-03-18,26.41
2024-03-19,25.32
2024-03-20,26.76
2024-03-21,24.65
2024-03-22,25.08
2024-03-25,25.56
2024-03-26,24.68
2024-03-27,25.59
2024-03-28,25.40
2024-04-01,25.00
2024-04-02,24.89
2024-04-03,24.24
2024-04-04,24.49
2024-04-05,24.52
2024-04-08,24.56
2024-04-09,24.60
2024-04-10,24.07
2024-04-11,23.39
2024-04-12,22.78
2024-04-15,21.93
2024-04-16,22.45
2024-04-17,22.41
2024-04-18,21.96
2024-04-19,22.16
2024-04-22,22.46
2024-04-23,22.45
2024-04-24,22.70
2024-04-25,22.39
2024-04-26,23.01
2024-04-29,22.98
2024-04-30,22.16
2024-05-02,22.59
2024-05-03,22.87
2024-05-06,23.07
2024-05-07,23.97
2024-05-08,24.32
2024-05-09,23.92
2024-05-10,23.06
2024-05-13,23.00
2024-05-14,22.67
2024-05-15,23.04
2024-05-16,23.37
2024-05-17,23.06
2024-05-20,23.45
2024-05-21,23.48
2024-05-22,22.45
2024-05-23,22.15
2024-05-24,22.21
2024-05-27,22.49
2024-05-28,22.48
2024-05-29,22.50
2024-05-31,21.80
2024-06-03,21.75
2024-06-04,21.62
2024-06-05,21.50
2024-06-06,21.86
2024-06-07,21.73
2024-06-10,20.95
2024-06-11,21.07
2024-06-12,20.32
2024-06-13,19.98
2024-06-14,20.35
2024-06-17,19.95
2024-06-18,19.83
2024-06-19,20.28
2024-06-20,20.07
2024-06-21,20.45
2024-06-24,21.25
2024-06-25,20.95
2024-06-26,20.47
2024-06-27,21.20
2024-06-28,20.94
2024-07-01,21.01
2024-07-02,20.80
2024-07-03,21.63
2024-07-04,22.42
2024-07-05,22.78
2024-07-08,22.29
2024-07-09,22.75
2024-07-10,22.35
2024-07-11,22.90
2024-07-12,23.14
2024-07-15,23.57
2024-07-16,23.65
2024-07-17,23.48
2024-07-18,22.85
2024-07-19,22.54
2024-07-22,22.93
2024-07-23,22.82
2024-07-24,22.55
2024-07-25,22.60
2024-07-26,23.16
2024-07-29,23.11
2024-07-30,23.11
2024-07-31,24.05
2024-08-01,23.89
2024-08-02,24.36
2024-08-05,24.15
2024-08-06,23.85
2024-08-07,24.55
2024-08-08,24.65
2024-08-09,26.47
2024-08-12,26.18
2024-08-13,26.86
2024-08-14,27.10
2024-08-15,27.00
2024-08-16,26.30
2024-08-19,26.50
2024-08-20,26.75
2024-08-21,26.71
2024-08-22,26.70
2024-08-23,27.02
2024-08-26,26.88
2024-08-27,26.90
2024-08-28,26.75
2024-08-29,26.09
2024-08-30,26.42
2024-09-02,26.58
2024-09-03,26.47
2024-09-04,27.52
2024-09-05,27.84
2024-09-06,27.97
2024-09-09,27.49
2024-09-10,28.34
2024-09-11,28.22
2024-09-12,27.96
2024-09-13,28.57
2024-09-16,28.71
2024-09-17,28.44
2024-09-18,28.69
2024-09-19,28.67
2024-09-20,28.00
2024-09-23,27.27
2024-09-24,27.53
2024-09-25,27.50
2024-09-26,26.64
2024-09-27,27.11
2024-09-30,26.93
2024-10-01,27.58
2024-10-02,28.28
2024-10-03,27.35
2024-10-04,27.70
2024-10-07,27.70
2024-10-08,28.09
2024-10-09,27.10
2024-10-10,26.93
2024-10-11,26.92
2024-10-14,26.80
2024-10-15,26.75
2024-10-16,26.87
2024-10-17,27.01
2024-10-18,26.16
2024-10-21,25.86
2024-10-22,25.53
2024-10-23,24.88
2024-10-24,25.50
2024-10-25,24.71
2024-10-28,25.22
2024-10-29,25.01
2024-10-30,25.65
2024-10-31,25.57
2024-11-01,24.74
2024-11-04,26.07
2024-11-05,26.14
2024-11-06,25.92
2024-11-07,24.95
2024-11-08,25.58
2024-11-11,25.17
2024-11-12,24.75
2024-11-13,24.31
2024-11-14,24.00
2024-11-18,23.95
2024-11-19,23.94
2024-11-21,23.20
2024-11-22,23.77
2024-11-25,24.20
2024-11-26,24.82
2024-11-27,23.62
2024-11-28,22.20
2024-11-29,22.93
2024-12-02,22.50
2024-12-03,22.69
2024-12-04,22.76
2024-12-05,23.28
2024-12-06,22.72
2024-12-09,22.30
2024-12-10,22.70
2024-12-11,22.96
2024-12-12,21.87
2024-12-13,21.41
2024-12-16,21.01
2024-12-17,21.30
2024-12-18,20.69
2024-12-19,21.24
2024-12-20,21.29
2024-12-23,19.96
2024-12-26,19.23
2024-12-27,19.27
2024-12-30,19.25
