data,abertura,maxima,minima,media,fechamento,negocios,quantidade,volume
2025-01-02,7.65,7.76,7.27,7.46,7.39,12419,694878,5189162.12
2025-01-03,7.43,7.53,7.41,7.48,7.50,8787,263842,1974034.26
2025-01-06,7.50,7.54,7.38,7.45,7.49,15961,430164,3208510.02
2025-01-07,7.49,7.61,7.43,7.55,7.56,13665,315512,2382547.95
2025-01-08,7.60,7.68,7.40,7.54,7.48,19144,393899,2972809.71
2025-01-09,7.51,7.55,7.41,7.45,7.46,11281,222801,1660829.62
2025-01-10,7.46,7.53,7.41,7.46,7.46,12334,235855,1760550.99
2025-01-13,7.46,7.46,7.32,7.39,7.40,9003,355193,2628184.72
2025-01-14,7.40,7.47,7.35,7.40,7.39,10522,263183,1949779.67
2025-01-15,7.39,7.46,7.37,7.41,7.39,12763,293508,2177282.73
2025-01-16,7.42,7.44,7.39,7.41,7.43,7444,212642,1577356.08
2025-01-17,7.43,7.43,7.29,7.36,7.33,12393,339510,2499418.15
2025-01-20,7.33,7.33,7.17,7.22,7.18,17969,673984,4869362.83
2025-01-21,7.18,7.23,7.10,7.14,7.16,12272,393160,2808518.70
2025-01-22,7.16,7.20,7.04,7.10,7.10,12730,508233,3609191.83
2025-01-23,7.10,7.19,7.02,7.08,7.08,7792,344254,2439672.01
2025-01-24,7.11,7.17,7.08,7.13,7.17,18278,248703,1773932.80
2025-01-27,7.17,7.20,7.00,7.05,7.02,14363,573040,4041777.47
2025-01-28,7.00,7.08,6.99,7.02,7.05,10628,340341,2390729.96
2025-01-29,7.05,7.10,6.98,7.02,7.00,9152,381647,2680419.82
2025-01-30,6.99,7.10,6.97,7.02,7.10,8213,363518,2552456.62
2025-01-31,7.10,7.20,7.05,7.14,7.14,10629,432336,3089843.25
2025-02-03,7.00,7.02,6.91,6.96,7.00,14622,538733,3754169.47
2025-02-04,6.96,6.99,6.76,6.85,6.81,15601,991792,6796295.44
2025-02-05,6.84,6.90,6.56,6.73,6.72,15425,965219,6500087.38
2025-02-06,6.74,6.81,6.65,6.75,6.80,12679,525426,3546919.72
2025-02-07,6.85,6.95,6.82,6.88,6.86,18199,487128,3353825.65
2025-02-10,6.94,7.00,6.90,6.94,6.97,10699,392206,2722064.55
2025-02-11,6.99,7.03,6.97,6.99,7.01,7661,296921,2077041.22
2025-02-12,6.99,7.07,6.99,7.02,7.04,7975,303722,2133311.68
2025-02-13,7.01,7.15,7.01,7.07,7.06,8330,306025,2165420.24
2025-02-14,7.13,7.20,7.10,7.14,7.16,11847,312958,2234725.66
2025-02-17,7.17,7.30,7.16,7.24,7.27,12711,418042,3027461.09
2025-02-18,7.27,7.35,7.27,7.31,7.34,11040,323943,2370178.03
2025-02-19,7.33,7.33,7.15,7.20,7.17,12014,614734,4431193.43
2025-02-20,7.15,7.17,7.05,7.10,7.09,8857,482523,3425968.56
2025-02-21,7.10,7.20,7.10,7.16,7.20,10925,368007,2636268.35
2025-02-24,7.20,7.22,7.11,7.15,7.15,11204,533226,3815525.26
2025-02-25,7.16,7.19,7.13,7.15,7.15,9142,354165,2535237.69
2025-02-26,7.16,7.17,7.08,7.13,7.12,8763,390432,2786914.63
2025-02-27,7.12,7.17,7.10,7.14,7.17,6107,386678,2763760.64
2025-02-28,7.17,7.29,7.16,7.22,7.29,10367,445981,3220475.77
2025-03-05,7.14,7.16,7.08,7.11,7.13,7361,339055,2414055.24
2025-03-06,7.12,7.18,7.05,7.10,7.12,18356,686806,4876769.44
2025-03-07,7.15,7.30,7.15,7.23,7.25,10879,396967,2871128.33
2025-03-10,7.24,7.39,7.23,7.29,7.26,14033,385756,2814179.62
2025-03-11,7.29,7.43,7.24,7.34,7.41,32464,463827,3404664.94
2025-03-12,7.41,7.49,7.41,7.45,7.41,17269,318561,2374760.81
2025-03-13,7.44,7.46,7.37,7.41,7.42,11473,265239,1966549.12
2025-03-14,7.49,7.56,7.46,7.50,7.56,12521,349390,2621040.05
2025-03-17,7.58,7.69,7.54,7.58,7.58,9628,405173,3074523.80
2025-03-18,7.66,7.77,7.60,7.71,7.75,12285,344652,2658186.17
2025-03-19,7.75,7.98,7.71,7.80,7.90,8891,389143,3037863.18
2025-03-20,7.83,7.88,7.76,7.81,7.79,13689,388737,3039344.14
2025-03-21,7.79,7.90,7.73,7.79,7.76,21698,359076,2800358.37
2025-03-24,7.76,7.86,7.67,7.74,7.72,18785,334960,2593873.58
2025-03-25,7.74,7.80,7.68,7.73,7.75,22200,418387,3235953.51
2025-03-26,7.76,7.76,7.69,7.73,7.73,13368,380027,2938066.89
2025-03-27,7.75,7.75,7.70,7.73,7.72,7295,331088,2562058.98
2025-03-28,7.75,7.76,7.71,7.73,7.75,10080,285627,2210396.98
2025-03-31,7.76,7.83,7.73,7.75,7.76,9909,526161,4081187.78
2025-04-01,7.69,7.72,7.58,7.64,7.62,12894,373047,2851895.06
2025-04-02,7.60,7.68,7.58,7.61,7.62,6422,298346,2273034.00
2025-04-03,7.62,7.64,7.57,7.59,7.58,9668,260095,1975886.69
2025-04-04,7.60,7.60,7.46,7.52,7.47,8943,284764,2143104.90
2025-04-07,7.48,7.54,7.38,7.44,7.39,17768,502936,3746250.60
2025-04-08,7.41,7.51,7.32,7.38,7.37,11790,322898,2383466.19
2025-04-09,7.37,7.38,7.30,7.33,7.37,8070,274251,2010867.68
2025-04-10,7.43,7.49,7.36,7.40,7.43,6446,274029,2029835.56
2025-04-11,7.43,7.55,7.41,7.46,7.44,8580,332506,2483668.55
2025-04-14,7.43,7.52,7.43,7.48,7.52,13207,372809,2789466.46
2025-04-15,7.52,7.60,7.51,7.55,7.52,9408,313733,2369316.93
2025-04-16,7.54,7.57,7.50,7.52,7.50,8634,277595,2089703.68
2025-04-17,7.53,7.55,7.44,7.48,7.49,8946,543901,4071775.81
2025-04-22,7.50,7.52,7.48,7.50,7.52,10992,409508,3072579.21
2025-04-23,7.59,7.60,7.53,7.57,7.59,10257,365832,2769550.38
2025-04-24,7.59,7.60,7.52,7.55,7.56,7107,376466,2845151.31
2025-04-25,7.59,7.64,7.55,7.59,7.64,9360,415777,3157621.95
2025-04-28,7.64,7.76,7.63,7.67,7.66,8281,517682,3971779.33
2025-04-29,7.66,7.74,7.61,7.67,7.70,6951,633252,4863319.02
2025-04-30,7.76,7.76,7.72,7.74,7.76,10428,437286,3387982.20
2025-05-02,7.66,7.70,7.60,7.65,7.66,7338,364795,2792409.91
2025-05-05,7.70,7.70,7.54,7.58,7.58,12492,533371,4047784.39
2025-05-06,7.60,7.62,7.50,7.55,7.58,14294,371373,2805440.55
2025-05-07,7.58,7.60,7.52,7.55,7.57,11773,331878,2506229.92
2025-05-08,7.57,7.60,7.55,7.56,7.57,16250,335646,2539007.62
2025-05-09,7.60,7.69,7.58,7.64,7.65,9261,332587,2543499.61
2025-05-12,7.68,7.70,7.63,7.66,7.63,10626,380829,2920368.98
2025-05-13,7.63,7.70,7.62,7.65,7.70,6708,325849,2495618.35
2025-05-14,7.69,7.73,7.68,7.70,7.68,6373,244794,1884975.02
2025-05-15,7.70,7.76,7.70,7.74,7.75,11675,414264,3206467.03
2025-05-16,7.75,7.76,7.72,7.74,7.75,8575,324405,2513053.10
2025-05-19,7.75,7.76,7.71,7.74,7.71,8621,339158,2627179.54
2025-05-20,7.75,7.76,7.68,7.72,7.73,10140,433020,3346666.04
2025-05-21,7.75,7.76,7.71,7.73,7.72,7238,312907,2421479.55
2025-05-22,7.75,7.76,7.70,7.73,7.74,9019,354842,2743737.71
2025-05-23,7.75,7.76,7.70,7.72,7.72,7782,313867,2424005.64
2025-05-26,7.75,7.76,7.68,7.71,7.69,11416,342182,2639205.55
2025-05-27,7.71,7.75,7.69,7.71,7.73,6141,262653,2027643.80
2025-05-28,7.73,7.76,7.70,7.72,7.75,5695,375707,2903737.80
2025-05-29,7.76,7.76,7.73,7.75,7.75,4775,242729,1881262.60
2025-05-30,7.76,7.78,7.74,7.75,7.76,8093,434076,3368182.66
2025-06-02,7.68,7.71,7.60,7.64,7.63,11154,435429,3327632.48
2025-06-03,7.65,7.66,7.61,7.64,7.63,6620,287264,2194775.61
2025-06-04,7.66,7.68,7.62,7.64,7.65,6793,257082,1965259.87
2025-06-05,7.61,7.65,7.60,7.62,7.65,9029,341531,2602939.22
2025-06-06,7.63,7.71,7.63,7.68,7.70,14523,323482,2484554.24
2025-06-09,7.70,7.73,7.50,7.59,7.56,14062,635318,4826955.06
2025-06-10,7.56,7.57,7.47,7.52,7.51,9050,377281,2840604.58
2025-06-11,7.54,7.55,7.47,7.49,7.50,7623,255641,1915948.69
2025-06-12,7.50,7.50,7.40,7.43,7.42,9249,329549,2450706.41
2025-06-13,7.49,7.57,7.46,7.52,7.55,8656,291054,2190233.81
2025-06-16,7.57,7.59,7.50,7.54,7.56,10047,416605,3142112.46
2025-06-17,7.60,7.61,7.52,7.54,7.58,9605,316345,2387371.02
2025-06-18,7.55,7.68,7.53,7.59,7.68,10207,303101,2303174.13
2025-06-20,7.68,7.72,7.66,7.68,7.68,7428,253160,1945910.44
2025-06-23,7.72,7.73,7.61,7.66,7.64,12691,344570,2642519.83
2025-06-24,7.68,7.69,7.57,7.61,7.60,10063,353397,2691832.96
2025-06-25,7.64,7.67,7.54,7.61,7.64,6510,324875,2474785.36
2025-06-26,7.63,7.67,7.60,7.63,7.65,13207,305059,2329761.12
2025-06-27,7.67,7.75,7.61,7.69,7.75,6957,385155,2963830.21
2025-06-30,7.75,7.77,7.74,7.76,7.76,11665,487993,3786967.48
2025-07-01,7.69,7.69,7.58,7.63,7.69,8822,322197,2460954.26
2025-07-02,7.67,7.73,7.67,7.70,7.72,5191,228543,1761252.87
2025-07-03,7.74,7.75,7.66,7.70,7.75,6606,246969,1904081.56
2025-07-04,7.74,7.76,7.71,7.73,7.76,6824,239109,1849894.43
2025-07-07,7.70,7.76,7.70,7.73,7.76,18979,498792,3859333.87
2025-07-08,7.76,7.78,7.70,7.73,7.71,10013,374065,2894386.07
2025-07-09,7.71,7.73,7.67,7.69,7.69,5938,241769,1861074.54
2025-07-10,7.71,7.71,7.62,7.65,7.65,12374,349142,2670958.41
2025-07-11,7.66,7.69,7.62,7.66,7.68,6960,353902,2712569.37
2025-07-14,7.69,7.74,7.61,7.69,7.67,12364,508544,3911952.76
2025-07-15,7.71,7.73,7.62,7.67,7.68,9736,437125,3355621.74
2025-07-16,7.70,7.72,7.64,7.68,7.70,6918,321423,2469007.61
2025-07-17,7.72,7.72,7.64,7.68,7.66,6795,359968,2765901.66
2025-07-18,7.71,7.71,7.61,7.66,7.64,6453,363778,2786786.50
2025-07-21,7.65,7.66,7.60,7.62,7.61,11659,367925,2805622.83
2025-07-22,7.65,7.71,7.62,7.67,7.69,5643,396724,3043741.33
2025-07-23,7.68,7.70,7.64,7.66,7.68,6339,271083,2077529.00
2025-07-24,7.68,7.70,7.66,7.67,7.69,4844,201585,1547846.00
2025-07-25,7.71,7.74,7.67,7.70,7.71,5803,364248,2806906.33
2025-07-28,7.75,7.76,7.65,7.69,7.69,7579,481863,3706940.72
2025-07-29,7.72,7.73,7.70,7.71,7.70,5040,248315,1915117.58
2025-07-30,7.72,7.74,7.67,7.69,7.69,5793,403931,3109598.07
2025-07-31,7.74,7.76,7.66,7.71,7.70,7647,504223,3892510.27
2025-08-01,7.66,7.67,7.52,7.60,7.57,8241,331169,2519252.47
2025-08-04,7.60,7.62,7.51,7.54,7.52,9677,365376,2756838.66
2025-08-05,7.55,7.56,7.45,7.49,7.49,8885,357206,2675955.01
2025-08-06,7.50,7.55,7.45,7.48,7.49,7128,297031,2222442.84
2025-08-07,7.55,7.61,7.50,7.56,7.58,15393,458547,3470468.34
2025-08-08,7.63,7.63,7.53,7.58,7.57,8267,315876,2396859.70
2025-08-11,7.60,7.62,7.54,7.57,7.58,10452,323611,2450510.77
2025-08-12,7.60,7.62,7.53,7.56,7.54,9027,321938,2434389.22
2025-08-13,7.54,7.60,7.53,7.55,7.60,6536,330118,2494706.67
2025-08-14,7.60,7.60,7.56,7.57,7.57,8350,276917,2098283.69
2025-08-15,7.62,7.66,7.59,7.62,7.66,7854,288072,2197747.88
2025-08-18,7.68,7.71,7.66,7.67,7.70,7794,345181,2650111.12
2025-08-19,7.69,7.71,7.62,7.66,7.62,8174,334719,2567116.00
2025-08-20,7.69,7.69,7.60,7.64,7.61,8605,358564,2742629.05
2025-08-21,7.61,7.69,7.59,7.62,7.68,13676,384704,2934802.43
2025-08-22,7.68,7.72,7.62,7.65,7.69,11965,343056,2626924.38
2025-08-25,7.69,7.71,7.65,7.68,7.70,9817,311997,2398840.27
2025-08-26,7.70,7.72,7.65,7.67,7.67,7908,260104,1997169.91
2025-08-27,7.70,7.72,7.68,7.69,7.69,7848,295085,2271869.27
2025-08-28,7.72,7.73,7.66,7.69,7.70,6070,408455,3142576.26
2025-08-29,7.72,7.75,7.70,7.72,7.70,8656,380081,2934967.37
2025-09-01,7.69,7.69,7.59,7.63,7.62,9568,414569,3164086.42
2025-09-02,7.65,7.65,7.54,7.58,7.59,10783,365694,2774806.15
2025-09-03,7.60,7.63,7.59,7.60,7.61,7940,237896,1810120.91
2025-09-04,7.63,7.63,7.60,7.61,7.60,7845,251844,1918099.55
2025-09-05,7.66,7.69,7.63,7.65,7.66,14199,360302,2757767.47
2025-09-08,7.66,7.70,7.62,7.65,7.68,16837,494210,3781782.80
2025-09-09,7.68,7.68,7.61,7.64,7.63,6994,331802,2536058.35
2025-09-10,7.63,7.66,7.62,7.64,7.62,7605,287932,2200850.41
2025-09-11,7.66,7.69,7.61,7.66,7.66,6038,237981,1823753.73
2025-09-12,7.68,7.70,7.66,7.67,7.68,11664,345864,2655536.86
2025-09-15,7.69,7.73,7.67,7.70,7.72,8959,406792,3134571.64
2025-09-16,7.72,7.75,7.70,7.73,7.72,6684,329994,2551421.88
2025-09-17,7.73,7.76,7.70,7.73,7.70,7624,327451,2533622.53
2025-09-18,7.76,7.76,7.69,7.72,7.70,6665,369358,2852964.18
2025-09-19,7.74,7.76,7.73,7.74,7.74,9003,384211,2977016.71
2025-09-22,7.76,7.76,7.67,7.72,7.67,10326,399622,3085650.40
2025-09-23,7.73,7.74,7.67,7.70,7.69,7359,380712,2931725.38
2025-09-24,7.73,7.76,7.70,7.72,7.76,8345,299163,2312118.96
2025-09-25,7.75,7.76,7.71,7.73,7.75,6668,364540,2820115.24
2025-09-26,7.75,7.80,7.73,7.75,7.76,8572,286004,2218613.11
2025-09-29,7.80,7.80,7.75,7.77,7.77,7224,441268,3429352.41
2025-09-30,7.80,7.83,7.78,7.80,7.80,11780,636840,4969606.85
2025-10-01,7.72,7.72,7.59,7.63,7.60,10286,629615,4804470.54
2025-10-02,7.62,7.62,7.55,7.57,7.57,7398,358097,2714318.90
2025-10-03,7.61,7.63,7.58,7.60,7.61,6021,333987,2540834.80
2025-10-06,7.64,7.64,7.56,7.59,7.59,8413,361919,2750278.85
2025-10-07,7.61,7.62,7.56,7.58,7.57,13913,503175,3817646.15
2025-10-08,7.61,7.62,7.56,7.59,7.60,7447,276484,2100873.07
2025-10-09,7.60,7.61,7.56,7.58,7.60,7394,274383,2081802.15
2025-10-10,7.58,7.61,7.54,7.56,7.57,7480,329291,2490886.93
2025-10-13,7.57,7.58,7.53,7.54,7.57,10298,369355,2788458.24
2025-10-14,7.55,7.58,7.50,7.54,7.50,10845,383529,2895317.03
2025-10-15,7.54,7.61,7.50,7.55,7.57,7613,448838,3392346.46
2025-10-16,7.58,7.60,7.50,7.53,7.53,8668,375173,2828750.50
2025-10-17,7.56,7.58,7.53,7.56,7.58,16089,309476,2340620.80
2025-10-20,7.61,7.64,7.57,7.59,7.61,8581,353429,2683550.41
2025-10-21,7.63,7.63,7.51,7.57,7.53,10981,399404,3024280.89
2025-10-22,7.59,7.60,7.55,7.58,7.59,6372,296443,2247062.87
2025-10-23,7.55,7.63,7.51,7.57,7.56,8029,395940,2998332.88
2025-10-24,7.56,7.60,7.54,7.56,7.57,12036,404648,3063120.65
2025-10-27,7.62,7.62,7.54,7.57,7.56,10344,444980,3370252.38
2025-10-28,7.60,7.62,7.58,7.60,7.61,9082,314446,2390136.54
2025-10-29,7.62,7.64,7.60,7.61,7.60,7982,351179,2675080.98
2025-10-30,7.64,7.66,7.62,7.64,7.64,6782,299889,2293165.45
2025-10-31,7.67,7.67,7.60,7.63,7.60,7745,421373,3215569.66
2025-11-03,7.45,7.45,7.28,7.32,7.28,17250,999021,7319983.27
2025-11-04,7.28,7.28,7.11,7.18,7.19,12302,749854,5387189.73
2025-11-05,7.19,7.33,7.18,7.27,7.32,11535,572005,4163921.44
2025-11-06,7.33,7.41,7.33,7.36,7.34,10421,376230,2769421.85
2025-11-07,7.40,7.40,7.32,7.34,7.36,19356,387497,2846515.07
2025-11-10,7.37,7.39,7.31,7.33,7.32,15529,408821,2999645.27
2025-11-11,7.33,7.35,7.26,7.32,7.31,10462,299069,2189745.34
2025-11-12,7.31,7.31,7.25,7.28,7.28,9279,281325,2048988.48
2025-11-13,7.32,7.34,7.21,7.30,7.22,7136,372726,2722662.24
2025-11-14,7.25,7.32,7.24,7.29,7.28,12025,449409,3278453.50
2025-11-17,7.32,7.32,7.23,7.27,7.26,11556,482121,3507951.87
2025-11-18,7.27,7.29,7.20,7.23,7.21,8220,517144,3740307.12
2025-11-19,7.21,7.24,7.18,7.21,7.19,11964,438249,3159830.46
2025-11-21,7.19,7.20,7.14,7.17,7.16,14152,486369,3487807.02
2025-11-24,7.17,7.18,7.12,7.15,7.12,15797,505724,3616820.13
2025-11-25,7.12,7.14,7.00,7.06,7.06,14679,749716,5296569.34
2025-11-26,7.06,7.07,7.00,7.02,7.01,10947,543733,3820234.76
2025-11-27,7.03,7.14,7.03,7.09,7.10,11478,400431,2840717.06
2025-11-28,7.18,7.22,7.08,7.15,7.08,12855,634834,4545010.00
2025-12-01,7.03,7.03,6.96,6.99,6.98,16747,653553,4568426.01
2025-12-02,7.00,7.05,6.98,6.99,7.00,13187,484057,3387494.27
2025-12-03,7.00,7.04,6.97,7.00,6.99,7392,443897,3107722.95
2025-12-04,7.04,7.06,7.01,7.03,7.04,9735,372043,2618304.95
2025-12-05,7.10,7.12,7.02,7.07,7.06,13881,480878,3401650.55
2025-12-08,7.09,7.10,7.01,7.04,7.05,11135,461781,3251568.80
2025-12-09,7.06,7.07,6.99,7.02,7.00,12789,453800,3186309.69
2025-12-10,7.03,7.04,7.00,7.01,7.02,7613,367376,2576364.95
2025-12-11,7.03,7.06,7.02,7.03,7.05,6775,273471,1925175.72
2025-12-12,7.06,7.11,7.05,7.08,7.08,17170,357031,2528465.66
2025-12-15,7.09,7.10,7.05,7.06,7.09,10554,417194,2947213.97
2025-12-16,7.06,7.09,7.00,7.03,7.03,9614,523403,3681377.34
2025-12-17,7.03,7.06,7.01,7.04,7.06,12861,310380,2185348.58
2025-12-18,7.06,7.07,7.03,7.05,7.07,10391,261897,1848426.21
2025-12-19,7.07,7.13,7.07,7.10,7.13,15512,329567,2342632.47
2025-12-22,7.15,7.22,7.12,7.17,7.19,15998,491786,3530747.85
2025-12-23,7.19,7.27,7.18,7.22,7.27,12318,327084,2361865.19
2025-12-26,7.27,7.31,7.25,7.27,7.31,9949,362710,2639205.21
2025-12-29,7.31,7.33,7.26,7.29,7.31,10575,422485,3081766.16
2025-12-30,7.30,7.37,7.16,7.30,7.23,8358,506805,3700272.71
2026-01-02,7.17,7.17,7.10,7.13,7.11,13036,461937,3295446.34
2026-01-05,7.14,7.21,7.12,7.15,7.21,9269,355808,2545289.88
2026-01-06,7.21,7.24,7.15,7.19,7.15,11425,321502,2314263.98
2026-01-07,7.16,7.20,7.14,7.16,7.20,9192,298780,2141089.37
2026-01-08,7.21,7.22,7.18,7.19,7.22,12553,364228,2621436.56
2026-01-09,7.22,7.24,7.20,7.21,7.23,11400,304854,2200354.79
2026-01-12,7.22,7.22,7.14,7.17,7.20,13824,441316,3164419.18
2026-01-13,7.20,7.22,7.16,7.18,7.19,7666,383839,2759160.08
2026-01-14,7.21,7.21,7.16,7.18,7.18,8656,328040,2357530.18
2026-01-15,7.19,7.20,7.16,7.18,7.20,11062,382499,2748626.55
2026-01-16,7.20,7.22,7.16,7.19,7.18,13658,416829,2999538.82
2026-01-19,7.20,7.22,7.17,7.18,7.21,10226,393491,2827227.80
2026-01-20,7.21,7.22,7.16,7.18,7.20,10625,441282,3171398.52
2026-01-21,7.20,7.20,7.16,7.18,7.18,11434,349383,2508877.41
2026-01-22,7.18,7.20,7.16,7.17,7.20,12114,404026,2899973.90
2026-01-23,7.20,7.24,7.17,7.20,7.24,13706,453947,3272746.06
2026-01-26,7.22,7.22,7.14,7.17,7.18,13117,778427,5582216.88
2026-01-27,7.18,7.21,7.17,7.18,7.20,9822,532012,3823755.59
2026-01-28,7.20,7.22,7.18,7.20,7.22,10918,392365,2826000.73
2026-01-29,7.21,7.23,7.19,7.21,7.20,26249,380318,2742108.55
2026-01-30,7.22,7.28,7.16,7.23,7.17,14363,776665,5618665.08
2026-02-02,7.17,7.17,7.10,7.11,7.11,12257,526705,3749571.72
2026-02-03,7.13,7.21,7.12,7.16,7.19,6706,836487,5994327.05
2026-02-04,7.20,7.21,7.15,7.18,7.16,8963,308996,2219969.15
2026-02-05,7.16,7.19,7.11,7.13,7.13,7647,382235,2727500.98
2026-02-06,7.13,7.18,7.12,7.14,7.13,15349,462790,3306850.68
2026-02-09,7.13,7.13,7.10,7.11,7.11,13890,455240,3240405.36
2026-02-10,7.12,7.14,7.10,7.11,7.12,7799,342397,2437138.34
2026-02-11,7.12,7.15,7.11,7.12,7.14,10214,336991,2400862.76
2026-02-12,7.15,7.15,7.10,7.11,7.12,7233,330751,2354653.62
2026-02-13,7.12,7.20,7.11,7.15,7.20,15953,356034,2546832.73
2026-02-18,7.20,7.20,7.15,7.17,7.17,8748,382346,2741463.79
2026-02-19,7.17,7.18,7.15,7.16,7.16,7032,325272,2330841.01
2026-02-20,7.18,7.20,7.17,7.18,7.20,11270,311698,2239318.89
2026-02-23,7.19,7.21,7.18,7.19,7.18,17566,522163,3755461.97
2026-02-24,7.20,7.20,7.17,7.18,7.20,12777,310806,2233357.68
2026-02-25,7.19,7.20,7.18,7.19,7.19,11048,293367,2110361.50
2026-02-26,7.21,7.22,7.19,7.20,7.22,8870,294347,2120829.99
2026-02-27,7.22,7.29,7.21,7.25,7.24,26155,651108,4721052.03
2026-03-02,7.18,7.18,7.11,7.13,7.14,14685,470437,3357148.97
2026-03-03,7.14,7.14,7.00,7.04,7.05,12370,1009959,7119135.02
2026-03-04,7.05,7.11,7.05,7.08,7.08,12170,390823,2769707.15
2026-03-05,7.11,7.12,7.05,7.07,7.08,8979,377149,2669409.37
2026-03-06,7.09,7.10,7.07,7.08,7.09,15232,373158,2645291.10
2026-03-09,7.08,7.10,7.02,7.04,7.06,15019,456673,3219273.13
2026-03-10,7.08,7.10,7.05,7.07,7.06,12497,298894,2113666.73
2026-03-11,7.06,7.09,7.04,7.06,7.06,9120,277926,1962375.50
2026-03-12,7.04,7.07,7.04,7.05,7.07,7806,269473,1900486.14
2026-03-13,7.08,7.10,7.06,7.08,7.08,11039,294250,2085244.98
2026-03-16,7.15,7.15,7.06,7.09,7.09,9762,331784,2352992.75
2026-03-17,7.08,7.14,7.07,7.09,7.09,8266,416401,2954610.17
2026-03-18,7.10,7.12,7.03,7.06,7.06,9031,329321,2327661.98
2026-03-19,7.07,7.07,7.03,7.04,7.05,6771,231644,1632268.97
2026-03-20,7.05,7.05,7.01,7.03,7.05,11441,326497,2298032.58
2026-03-23,7.04,7.05,7.01,7.03,7.01,8204,340854,2397160.14
2026-03-24,7.02,7.09,7.01,7.04,7.09,6948,345766,2436116.03
2026-03-25,7.08,7.10,7.07,7.08,7.09,6365,268750,1905404.42
2026-03-26,7.08,7.11,7.06,7.08,7.11,9693,374489,2653889.86
2026-03-27,7.11,7.11,7.06,7.09,7.10,7182,252344,1789344.00
2026-03-30,7.10,7.10,7.04,7.05,7.06,12373,468492,3305121.44
2026-03-31,7.07,7.08,7.05,7.06,7.07,9107,342986,2422585.29
2026-04-01,7.00,7.03,6.98,7.00,6.98,9221,476126,3333957.40
2026-04-02,7.00,7.02,6.96,6.99,7.00,9939,376623,2634804.90
2026-04-06,7.00,7.01,6.98,6.98,6.98,13762,440829,3081277.17
2026-04-07,6.99,7.00,6.97,6.98,7.00,11378,298091,2082345.24
2026-04-08,7.00,7.00,6.96,6.98,6.98,14076,464424,3242461.62
2026-04-09,6.99,6.99,6.95,6.96,6.97,9563,367300,2559672.31
2026-04-10,6.96,6.97,6.94,6.95,6.96,9319,360723,2509077.16
2026-04-13,6.94,6.95,6.90,6.92,6.92,10062,605643,4194756.38
2026-04-14,6.92,6.93,6.85,6.87,6.88,12811,691706,4757914.17
2026-04-15,6.88,6.89,6.86,6.86,6.87,12639,456601,3135303.81
2026-04-16,6.87,6.91,6.86,6.88,6.90,8419,382933,2637767.11
2026-04-17,6.90,6.98,6.89,6.93,6.98,8791,368168,2552242.10
2026-04-20,6.96,6.97,6.92,6.95,6.97,9760,374865,2606589.69
2026-04-22,6.95,6.96,6.91,6.92,6.91,12961,473861,3282130.97
2026-04-23,6.91,6.93,6.90,6.91,6.92,9189,441262,3050148.37
2026-04-24,6.91,6.95,6.90,6.92,6.94,8957,445390,3085575.75
2026-04-27,6.94,6.96,6.92,6.93,6.94,10152,500074,3468939.30
2026-04-28,6.93,6.93,6.87,6.91,6.89,7255,382313,2642292.48
2026-04-29,6.88,6.90,6.84,6.86,6.86,8014,508676,3491863.15
2026-04-30,6.86,6.88,6.80,6.84,6.80,10138,703852,4817228.87
2026-05-04,6.69,6.73,6.35,6.48,6.35,17462,1762151,11422981.25
2026-05-05,6.32,6.33,6.15,6.23,6.26,15316,1317318,8219083.94
2026-05-06,6.26,6.30,6.13,6.18,6.14,15247,1402415,8677364.16
2026-05-07,6.11,6.14,5.97,6.04,6.00,13757,1516362,9172053.25
2026-05-08,5.95,6.09,5.85,5.94,6.08,19662,2383768,14166693.51
2026-05-11,6.05,6.06,5.62,5.79,5.65,18931,2454895,14236475.34
2026-05-12,5.60,5.84,5.60,5.76,5.80,18079,1125100,6489545.88
2026-05-13,5.80,5.83,5.65,5.74,5.66,11838,801125,4604662.10
2026-05-14,5.66,5.88,5.62,5.75,5.87,21369,867648,4993793.55
2026-05-15,5.85,5.94,5.80,5.87,5.90,11653,431504,2533810.00
2026-05-18,5.95,5.95,5.70,5.77,5.75,13375,767714,4437095.78
2026-05-19,5.75,5.82,5.66,5.74,5.77,17301,598088,3437937.40
2026-05-20,5.78,5.92,5.74,5.86,5.90,9384,555144,3258424.19
2026-05-21,5.92,6.02,5.86,5.94,6.02,8562,374845,2228559.83
2026-05-22,6.05,6.05,5.96,6.00,6.02,11174,319558,1918481.73
2026-05-25,6.04,6.26,6.01,6.16,6.23,10966,748642,4613991.58
2026-05-26,6.23,6.24,6.10,6.16,6.14,12566,516577,3187051.96
2026-05-27,6.14,6.20,6.12,6.15,6.17,8968,400510,2464055.22
2026-05-28,6.17,6.26,6.14,6.19,6.25,5827,401459,2487353.44
2026-05-29,6.26,6.35,6.23,6.27,6.23,8562,668646,4197091.41
2026-06-01,6.15,6.16,5.99,6.07,6.03,15816,669775,4067158.30
2026-06-02,6.03,6.08,5.93,5.99,6.08,9413,547240,3278335.00
2026-06-03,6.00,6.04,5.93,5.97,5.99,7077,339425,2029759.21
2026-06-05,6.01,6.04,5.85,5.92,5.88,8655,524790,3108631.49
2026-06-08,5.92,5.97,5.88,5.92,5.89,15615,518223,3069810.85
2026-06-09,5.91,6.03,5.89,5.95,6.00,8331,432555,2574948.57
2026-06-10,6.00,6.00,5.85,5.93,5.90,6268,360299,2136966.34
2026-06-11,5.90,5.95,5.88,5.91,5.93,8679,253953,1501832.06
2026-06-12,5.94,6.00,5.92,5.95,5.97,6014,271344,1615341.62
2026-06-15,5.97,6.03,5.97,6.00,5.97,11059,553490,3321814.60
2026-06-16,6.00,6.00,5.95,5.97,5.97,7071,242036,1445694.20
2026-06-17,5.97,5.99,5.90,5.93,5.90,5767,247790,1471693.34
2026-06-18,5.90,6.00,5.90,5.96,5.95,8169,358217,2136425.76
2026-06-19,5.98,6.09,5.96,6.01,5.96,4911,428757,2579768.10
2026-06-22,5.98,5.98,5.93,5.96,5.98,16094,348270,2076678.72
2026-06-23,5.98,6.01,5.90,5.96,5.99,7622,459257,2741544.85
2026-06-24,5.95,6.00,5.92,5.94,6.00,5914,391373,2327226.74
2026-06-25,5.98,6.01,5.90,5.96,5.99,7157,398364,2375455.16
2026-06-26,5.99,6.06,5.96,6.01,6.01,6472,384150,2309264.87
2026-06-29,6.02,6.08,6.01,6.05,6.04,8321,422163,2554958.97
2026-06-30,6.08,6.08,6.00,6.03,6.03,8497,526458,3178094.24
2026-07-01,5.98,5.99,5.92,5.95,5.98,8653,376005,2239359.68
2026-07-02,6.00,6.02,5.94,5.96,5.95,7677,260544,1554512.75
2026-07-03,5.99,6.00,5.93,5.97,5.98,4875,279731,1671575.11
2026-07-06,6.01,6.01,5.88,5.92,5.90,9595,353464,2093024.73
2026-07-07,5.91,5.95,5.89,5.92,5.91,12286,320182,1896602.01
2026-07-08,5.91,5.91,5.81,5.86,5.87,12137,420846,2467104.75
2026-07-09,5.90,5.90,5.83,5.86,5.87,5597,171780,1006811.15
2026-07-10,5.88,5.95,5.85,5.89,5.92,6152,258987,1525768.40
2026-07-13,5.95,5.96,5.84,5.87,5.86,7737,348569,2047974.54
2026-07-14,5.90,5.90,5.85,5.87,5.89,9000,381534,2241681.37
2026-07-15,5.89,5.97,5.87,5.90,5.94,14110,404280,2388956.49
2026-07-16,5.94,5.95,5.90,5.91,5.91,5530,328019,1941670.38
2026-07-17,5.92,5.93,5.88,5.90,5.92,5695,280331,1656002.37
2026-07-20,5.92,5.92,5.86,5.89,5.92,7097,472496,2784420.19
2026-07-21,5.92,5.92,5.86,5.87,5.87,11651,239652,1408884.01
2026-07-22,5.87,5.88,5.83,5.85,5.85,7148,279636,1638470.31
2026-07-23,5.85,5.86,5.83,5.84,5.86,4315,135719,793537.67
2026-07-24,5.86,5.87,5.83,5.85,5.85,5435,188332,1102122.95
2026-07-27,5.85,5.85,5.83,5.83,5.84,8952,299290,1747071.90
2026-07-28,5.84,5.85,5.81,5.82,5.84,9489,381606,2224576.96
2026-07-29,5.84,5.85,5.81,5.82,5.82,8088,204277,1189961.59
2026-07-30,5.83,5.85,5.82,5.83,5.83,6297,274572,1601503.80
2026-07-31,5.84,5.90,5.83,5.84,5.86,5258,332224,1942637.60
2026-08-03,5.48,5.49,5.28,5.36,5.32,13228,1431780,7676182.07
2026-08-04,5.31,5.32,5.15,5.21,5.16,10565,966759,5037989.77
2026-08-05,5.17,5.32,5.10,5.24,5.26,8361,1046665,5489228.37
2026-08-06,5.28,5.28,5.13,5.18,5.21,7132,638220,3308837.50
2026-08-07,5.20,5.26,5.19,5.21,5.23,10455,562153,2932503.46
2026-08-10,5.23,5.23,5.10,5.16,5.20,8936,654399,3381879.64
2026-08-11,5.16,5.18,5.10,5.13,5.14,6777,432595,2220649.60
2026-08-12,5.12,5.13,5.02,5.05,5.04,6194,500807,2531482.97
2026-08-13,5.04,5.06,5.01,5.02,5.01,9202,533862,2683576.41
2026-08-14,5.01,5.05,5.00,5.02,5.03,7208,501104,2517159.04
2026-08-17,5.02,5.04,4.84,4.92,4.88,9439,764155,3760455.61
2026-08-18,4.86,4.96,4.78,4.86,4.95,7568,628449,3056868.67
2026-08-19,4.96,5.05,4.91,4.99,5.01,7920,582302,2906388.78
2026-08-20,4.99,5.06,4.95,5.02,5.03,6774,351010,1763521.78
2026-08-21,5.03,5.14,5.03,5.09,5.12,15390,483405,2460960.55
2026-08-24,5.14,5.21,5.08,5.16,5.19,8335,409425,2115451.63
2026-08-25,5.20,5.35,5.19,5.29,5.33,14064,673114,3561740.87
2026-08-26,5.34,5.37,5.28,5.33,5.32,9731,340846,1819230.48
2026-08-27,5.33,5.42,5.31,5.37,5.35,5955,388618,2087234.04
2026-08-28,5.39,5.45,5.36,5.40,5.43,4493,328257,1773861.28
2026-08-31,5.45,5.49,5.37,5.45,5.43,10543,440899,2404862.97
2026-09-01,5.37,5.37,5.25,5.30,5.33,8032,452532,2402222.06
2026-09-02,5.33,5.34,5.20,5.26,5.29,7584,370627,1949754.14
2026-09-03,5.29,5.30,5.22,5.25,5.25,6626,252904,1328484.36
2026-09-04,5.27,5.27,5.18,5.20,5.21,6841,272752,1421014.50
2026-09-08,5.21,5.21,5.09,5.14,5.11,13824,452430,2325727.55
2026-09-09,5.10,5.10,5.01,5.03,5.03,9421,531672,2674482.71
2026-09-10,5.03,5.05,4.98,5.00,5.01,9395,641659,3212954.30
2026-09-11,5.02,5.06,5.00,5.03,5.05,6934,316607,1592858.21
2026-09-14,5.04,5.05,4.99,5.01,5.05,8578,419869,2106093.04
2026-09-15,5.04,5.07,5.01,5.03,5.07,12383,373607,1881415.79
2026-09-16,5.05,5.06,5.00,5.03,5.01,7972,279767,1408213.43
2026-09-17,5.03,5.07,5.01,5.03,5.06,6926,394414,1985129.59
2026-09-18,5.06,5.07,5.03,5.04,5.03,5808,251951,1271703.75
2026-09-21,5.06,5.06,5.01,5.04,5.05,5822,381151,1921836.36
2026-09-22,5.02,5.04,5.00,5.01,5.04,28807,510384,2559787.53
2026-09-23,5.01,5.05,4.98,5.01,5.02,25926,774249,3882788.35
2026-09-24,5.00,5.02,4.99,5.01,5.00,4855,217311,1089033.11
2026-09-25,5.00,5.10,5.00,5.05,5.08,13616,468403,2368003.72
2026-09-28,5.09,5.09,5.00,5.03,5.03,5328,440042,2216957.70
2026-09-29,5.03,5.06,5.02,5.04,5.06,6637,465697,2347140.29
2026-09-30,5.03,5.09,5.03,5.06,5.06,7476,352133,1784641.70
2026-10-01,4.99,5.00,4.92,4.95,4.96,7509,447753,2219429.64
2026-10-02,4.96,5.00,4.94,4.96,4.97,6403,283570,1407205.98
